0,What category of tire is the Ecopia H/L 422 Plus?,Light Truck Highway,Max Traction ,Performance,Passenger
0,The Ecopia H/L 422 Plus is intended for which vehicles?,"Minivans, CUVs, and SUVs","Passenger cars, SUVs and CUVs",Commercial trucks and SUVs,Light trucks and Commercial trucks
0,The Ecopia H/L 422 Plus is which type of tire?,All-season,Summer,Winter,Max Traction
1,True or False: The Ecopia H/L 422 Plus is an all-season tire.,TRUE,FALSE,,
1,"True or False: The Ecopia H/L 422 Plus is Bridgestone’s longest wearing tire.",FALSE,TRUE,,
1,"True or False: The Ecopia H/L 422 Plus received Bridgestone’s Eco-Products designation.",TRUE,FALSE,,
0,The limited treadwear warranty on the Ecopia H/L 422 Plus is how many miles?,"70,000 miles/110,000 kms","55,000 miles/90,000 kms","60,000 miles/100,000 kms","65,000 miles/105,000 kms"
0,"Which technology in the Ecopia H/L 422 Plus improves braking, rolling resistance, and wear?",Optimized Block Design,Open Shoulder Slots,Improved Tread Sipe Design,Full Depth Grooves
0,Which technology in the Ecopia H/L 422 Plus fights irregular wear and improves traction?,Improved Tread Sipe Design,Open Shoulder Slots,Chamfered Slots ,Full Depth Grooves
0,Which technology in the Ecopia H/L 422 Plus improves resistance to hydroplaning?,Open Shoulder Slots,Improved Tread Sipe Design,Optimized Block Design,Spiral Wound Cap Ply
0,Which technology in the Ecopia H/L 422 Plus improves resistance to hydroplaning?,Full Depth Grooves,Fuel Saver Sidewall Compound,Improved Tread Sipe Design,Optimized Block Design
0,Which of these is NOT a feature of the Ecopia H/L 422 Plus?,Can drive up to 50 miles after a pressure loss ,"70,000-mile/110,000 km limited treadwear warranty",All-season performance,Optimized for fuel efficiency
1,True or False: The Optimized Block Design improves rolling resistance and fuel economy.,FALSE,TRUE,,
1,True or False: Full Depth Grooves improve resistance to hydroplaning.,TRUE,FALSE,,
1,True or False: The design of the Ecopia H/L 422 Plus allows it to perform well in wet conditions.,TRUE,FALSE,,
1,"True or False: The Ecopia H/L 422 Plus has a 70,000-mile/110,000 km limited treadwear warranty.",TRUE,FALSE,,
1,"True or False: The Ecopia H/L 422 Plus is Bridgestone’s only Light Truck tire with the Eco-Products designation.",FALSE,TRUE,,
1,"True or False: The Ecopia H/L 422 Plus is backed by Bridgestone’s 90 Day Buy & Try Guarantee.",TRUE,FALSE,,
1,"True or False: The Ecopia H/L 422 Plus has a 65,000-mile/105,000 km limited treadwear warranty.",FALSE,TRUE,,
1,"True or False: The Ecopia H/L 422 Plus is specifically designed for minivans, CUVs, and SUVs.",TRUE,FALSE,,